,,,Individuals,Test,Infection,Covid,Infection,Confirmed,Confirmed,Growth,Rate,In Hospital,ICU,Hospital,Current,Current,Hospital,Hospital,Hospital,,,Confirmed,,Deaths,% of,,,Change,Travel,Community,,Travel,Known,Unknown,,AHS Update,,Calgary,,Edmonton,,Rural,Calgary,,Edmonton,,Central,,South,,North,,,,"Per 100,000",Population,ICU Beds w/ Ventilator,,Per 1000 (2015),Estimated,,,
Events,,Date,Tested,Growth,Rate,Confirmed,Rate,Forecast,Growth,Rate %,Days,Ever,Ever,Change,Hospital,ICU,Rate,Change,Chg %,Recovered,Growth,% Recov'd,Deaths,Change,Confirmed,Active,Change,%,Related,Spread,CS %,Related,Exposure,Exposure,Info,YouTube Link,Calgary,Growth,Edmonton,Growth,Rural,Growth,H,ICU,H,ICU,H,ICU,H,ICU,H,ICU,,,8,"4,400,000",350 to 400,,2.73,12012,,Source:,http://www.ontariohealthcoalition.ca/wp-content/uploads/Provinces-Hospital-Beds-Per-1000-Population-2015_16.pdf
,,,,,,,,,,,,,,,,,,,,,,,,,,,,,,,,,,,,,,,,,,,,,,,,,,,,,,,,,,,,,,,
,5-Mar,"Thursday, March 5, 2020",,,,1,,,1,,,,,,,,,,,,,,,,,1,1,,1,,,,,,,,,,,,,,,,,,,,,,,,,Update (March 18):,https://edmonton.ctvnews.ca/how-many-ventilators-and-icu-beds-does-alberta-have-1.4859181,,,,,,,,
,6-Mar,"Friday, March 6, 2020",,,,2,,,1,100.00%,,,,,,,,,,,,,,,,2,1,100.00%,2,,,,,,,,,,,,,,,,,,,,,,,,,,"""Soon to have 527-597 adult ventilators and 78 pediatric ventilators to fight COVID-19, and other critical care needs.""",,,,,,,,
,7-Mar,"Saturday, March 7, 2020",,,,2,,,,0.00%,,,,,,,,,,,,,,,,2,0,0.00%,2,,,,,,,,,,,,,,,,,,,,,,,,,,,,,,,,,,
,8-Mar,"Sunday, March 8, 2020",,,,4,,,2,100.00%,,,,,,,,,,,,,,,,4,2,100.00%,4,,,,,,,,,,,,,,,,,,,,,,,,,,Alberta Hospital Beds:,,8500,Planning for need of 2250 beds for Covid care.,,,,,
,9-Mar,"Monday, March 9, 2020",,,,7,,,3,75.00%,,,,,,,,,,,,,,,,7,3,75.00%,7,,,,,,,,,,,,,,,,,,,,,,,,,,Source:,March 26 AHS Covid Update,,,,,,,
,10-Mar,"Tuesday, March 10, 2020",,,,14,,,7,100.00%,,,,,,,,,,,,,,,,14,7,100.00%,14,,,,,,,,,,,,,,,,,,,,,,,,,,,,,,,,,,
,11-Mar,"Wednesday, March 11, 2020",,,,19,,,5,35.71%,,,,,,,,,,,,,,,,19,5,35.71%,19,,,,,,,,,,,,,,,,,,,,,,,,,Data Sources:,,Link,,,,,,,
,12-Mar,"Thursday, March 12, 2020",,,,23,,,4,21.05%,,0,,,,,,,,,,,,,,23,4,21.05%,23,,,,,,,,,,,,,,,,,,,,,,,,,AHS Daily Updates:,,https://www.albertahealthservices.ca/topics/Page16944.aspx,,,,,,,
,13-Mar,"Friday, March 13, 2020",,,,29,,,6,26.09%,,1,,0,1,1,3.45%,1,,,,,,,,29,6,26.09%,29,0,,,,,,,,,,,,,,,,,,,,,,,,COVID Info for Albertans:,,https://www.alberta.ca/coronavirus-info-for-albertans.aspx,,,,,,,
,14-Mar,"Saturday, March 14, 2020","7,000",,,39,0.56%,,10,34.48%,,2,,0,3,2,7.69%,2,,,,,,,,39,10,34.48%,37,2*,5.13%,,,,*=unknown source,March 14 Update,,,,,,,,,,,,,,,,,,Johns Hopkins University Covid Tracker:,,https://gisanddata.maps.arcgis.com/apps/opsdashboard/index.html#/bda7594740fd40299423467b48e9ecf6,,,,,,,
Schools & Daycares Closed,15-Mar,"Sunday, March 15, 2020","8,800","1,800",0.94%,56,0.64%,48,17,43.59%,,4,,2,3,2,5.36%,0,,0,,,0,,,56,17,43.59%,50,6,10.71%,,,,Schools & licensed daycares closed,March 15 Update,,,,,,,,,,,,,,,,,,AHS Covid Stats:,,https://www.alberta.ca/covid-19-alberta-statistics.aspx,,,,,,,
,16-Mar,"Monday, March 16, 2020","10,500","1,700",1.06%,74,0.70%,70,18,32.14%,,5,,1,5,2,6.76%,2,66.67%,0,,,0,,,74,18,32.14%,68,6,8.11%,,,,,March 16 Update,,,,,,,,,,,,,,,,,,AHS Press Releases (bottom of page):,,https://www.alberta.ca/coronavirus-info-for-albertans.aspx,,,,,,,
AB State of Emergency,17-Mar,"Tuesday, March 17, 2020","12,250","1,750",1.31%,97,0.79%,98,23,31.08%,2.3,5,2,0,5,2,5.15%,0,0.00%,0,,,0,,,97,23,31.08%,91,6,6.19%,,,,Alberta State of Emergency Declared,March 17 Update,70,,20,,7,,,,,,,,,,,,,Researchgate,,https://www.researchgate.net/publication/275101876_Critical_Care_capacity_in_Canada_results_of_a_national_cross-sectional_study,,,,,,,
,18-Mar,"Wednesday, March 18, 2020","14,500","2,250",0.98%,119,0.82%,131,22,22.68%,3.1,6,3,1,6,3,5.04%,1,20.00%,0,,,0,,,119,22,22.68%,113,6,5.04%,,,,,March 18 Update,83,13,27,7,9,2,,,,,,,,,,,,Edmonton Journal,,https://edmontonjournal.com/news/local-news/covid-19-alberta-closes-all-schools-daycares/,,,,,,,
,19-Mar,"Thursday, March 19, 2020","17,013","2,513",1.07%,146,0.86%,158,27,22.69%,3.1,6,2,0,5,2,3.50%,-1,-16.67%,2,2,1.38%,1,1,0.68%,143,24,20.17%,138,8,5.48%,,,,,March 19 Update,101,18,29,2,16,7,,,,,,,,,,,,CBC (Calgary state of emergency declared):,,https://www.cbc.ca/news/canada/calgary/calgary-covid19-response-1.5498795?fbclid=IwAR3_JPg6ueXQGoHsCoQuTvymZJ5vbbSFcyO92XU8TrafuxpMgI7-nRLNnS0,,,,,,,
,20-Mar,"Friday, March 20, 2020","20,360","3,347",1.46%,195,0.96%,186,49,33.56%,2.1,10,5,4,11,5,5.76%,6,120.00%,3,1,1.55%,1,0,0.51%,191,48,33.57%,184,11,5.64%,,,,34 cases from single source,March 20 Update,126,25,43,14,26,10,,,,,,,,,,,,WP: Flatten the Curve:,,https://www.washingtonpost.com/graphics/2020/world/corona-simulator/,,,,,,,
,21-Mar,"Saturday, March 21, 2020","23,742","3,382",0.92%,226,0.95%,249,31,15.90%,4.4,11,6,1,11,5,4.95%,0,0.00%,3,0,1.33%,1,0,0.44%,222,31,16.23%,210,16,7.08%,,,,,March 21 Update,139,13,57,14,30,4,,,,,,,,,,,,Honest Gov. Ad | Covid: Flatten The Curve:,,https://www.youtube.com/watch?v=Hks6Nq7g6P4,,,,,,,
,22-Mar,"Sunday, March 22, 2020","26,999","3,257",1.01%,259,0.96%,280,33,14.60%,4.8,18,7,7,18,7,7.06%,7,63.64%,3,0,1.16%,1,0,0.39%,255,33,14.86%,N/A,N/A,N/A,,,,No press conference today.,N/A,164,25,60,3,35,5,,,,,,,,,,,,Coronavirus: Why You Must Act Now,,https://medium.com/@tomaspueyo/coronavirus-act-today-or-people-will-die-f4d3d9cd99ca,,,,,,,
,23-Mar,"Monday, March 23, 2020","30,058","3,059",1.37%,301,1.00%,315,42,16.22%,4.3,18,7,0,18,7,6.06%,0,0.00%,3,0,1.00%,1,0,0.33%,297,42,16.47%,277,24,7.97%,,,,,March 23 Update,188,24,68,8,45,10,,,,,,,,,,,,Globe & Mail,,"https://www.theglobeandmail.com/opinion/article-hospital-bed-shortages-amid-covid-19-expose-the-deadly-cost-of-a-lack/					",,,,,,,
,24-Mar,"Tuesday, March 24, 2020","32,776","2,718",2.10%,358,1.09%,361,57,18.94%,3.7,19,7,1,19,7,5.38%,1,5.56%,3,0,0.84%,2,1,0.56%,353,56,18.86%,330,28,7.82%,,,,,March 24 Update,214,26,86,18,58,13,,,,,,,,,,,,Defense Production Act (Canada),,https://laws-lois.justice.gc.ca/eng/acts/d-1/,,,,,,,
,25-Mar,"Wednesday, March 25, 2020","35,508","2,732",2.23%,419,1.18%,417,61,17.04%,4.1,20,8,1,20,8,4.83%,1,5.26%,3,0,0.72%,2,0,0.48%,414,61,17.28%,386,33,7.88%,,,,Public health orders are now law!,March 25 Update,250,36,100,14,69,11,,,,,,,,,,,,Exponential growth and epidemics,,https://www.youtube.com/watch?v=Kas0tIxDvrg&feature=youtu.be,,,,,,,
,26-Mar,"Thursday, March 26, 2020","36,660","1,152",5.82%,486,1.33%,489,67,15.99%,4.4,21,10,1,21,10,4.60%,1,5.00%,27,24,5.58%,2,0,0.41%,457,43,10.39%,452,34,7.00%,,,,3 weeks since first case.,March 26 Update,300,50,111,11,75,6,,,,,,,,,,,,PROVINCIAL & AHS March 18 UPDATE,,https://www.youtube.com/watch?v=S1pCOOMPg2Q,,,,,,,
Non-essential Business Closures,27-Mar,"Friday, March 27, 2020","38,215","1,555",3.60%,542,1.42%,569,56,11.52%,6.1,23,10,2,23,10,4.54%,2,9.52%,33,6,6.11%,2,0,0.37%,507,50,10.94%,500,42,7.75%,,,,Closure of non-essential businesses,March 27 Update,337,37,120,9,85,10,,,,,,,,,,,,Coronavirus: The Hammer and the Dance,,https://medium.com/@tomaspueyo/coronavirus-the-hammer-and-the-dance-be9337092b56,,,,,,,
,28-Mar,"Saturday, March 28, 2020","42,527","4,312",1.83%,621,1.46%,628,79,14.58%,4.8,38,12,15,26,11,4.59%,3,13.04%,53,20,8.56%,2,0,0.32%,566,59,11.64%,567,54,8.70%,,,,No press conference today.,N/A,378,41,139,19,104,19,,,,,,,,,,,,,,,,,,,,,
,29-Mar,"Sunday, March 29, 2020","44,999","2,472",1.62%,661,1.47%,713,40,6.44%,10.9,41,14,3,28,12,4.79%,2,7.69%,73,20,11.09%,3,1,0.45%,585,19,3.36%,601,60,9.08%,,,,No press conference today.,N/A,408,30,149,10,104,0,,,,,,,,,,,,,,,,,,,,,
Testing protocol changes.,30-Mar,"Monday, March 30, 2020","46,057","1,058",2.74%,690,1.50%,741,29,4.39%,16,47,14,6,28,11,4.76%,0,0.00%,94,21,13.78%,8,5,1.16%,588,3,0.51%,625,65,9.42%,,,,*** New testing protocols ***,March 30 Update,422,14,164,15,104,0,,,,,,,,,,,,,,,,,,,,,
,31-Mar,"Tuesday, March 31, 2020","48,692","2,635",2.43%,754,1.55%,763,64,9.28%,7.5,49,17,2,26,11,4.16%,-2,-7.14%,120,26,16.11%,9,1,1.19%,625,37,6.29%,679,75,9.95%,,,,77 cases involve healthcare workers.,March 31 Update,453,31,187,23,114,10,,,,,,,,,,,,,,,,,,,,,
,1-Apr,"Wednesday, April 1, 2020","53,141","4,449",2.63%,871,1.64%,824,117,15.52%,4.5,62,20,13,29,13,4.04%,3,11.54%,142,22,16.51%,11,2,1.26%,718,93,14.88%,777,94,10.79%,,,,,April 1 Update,527,74,219,32,125,11,,,,,,,,,,,,,,,,,,,,,
,2-Apr,"Thursday, April 2, 2020","57,096","3,955",2.45%,968,1.70%,958,97,11.14%,6.3,67,21,5,32,14,4.10%,3,10.34%,174,32,18.22%,13,2,1.34%,781,63,8.77%,860,108,11.16%,,,,65 cases in 1 seniors facility.,April 2 Update,589,62,247,28,132,7,,,,,,,,,,,,,,,,,,,,,
,3-Apr,"Friday, April 3, 2020","60,508","3,412",3.14%,"1,075",1.78%,"1,057",107,11.05%,6.3,75,24,8,39,15,4.53%,7,21.88%,196,22,18.54%,18,5,1.67%,861,80,10.24%,944,131,12.19%,,,,,April 3 Update,671,82,263,16,141,9,,,,,,,,,,,,,,,,,,,,,
,4-Apr,"Saturday, April 4, 2020","62,520","2,012",5.27%,"1,181",1.89%,"1,200",106,9.86%,7.1,75,25,0,42,14,4.56%,3,7.69%,240,44,20.67%,20,2,1.69%,921,60,6.97%,"1,048",133,11.26%,,,,No press conference today.,N/A,734,63,290,27,157,16,,,,,,,,,,,,,,,,,,,,,
,5-Apr,"Sunday, April 5, 2020","63,115",595,11.60%,"1,250",1.98%,"1,321",69,5.84%,12,84,26,9,48,13,5.06%,6,14.29%,279,39,22.74%,23,3,1.84%,948,27,2.93%,"1,098",152,12.16%,,,,No press conference today.,N/A,774,40,309,19,167,10,,,,,,,,,,,,,,,,,,,,,
,6-Apr,"Monday, April 6, 2020","64,183","1,068",9.18%,"1,348",2.10%,"1,384",98,7.84%,8.9,90,31,6,40,16,4.15%,-8,-16.67%,361,82,27.27%,24,1,1.78%,963,15,1.58%,"1,155",193,14.32%,,,,,April 6 Update,817,43,351,42,180,13,,,,,,,,,,,,,,,,,,,,,
,7-Apr,"Tuesday, April 7, 2020","65,265","1,082",2.31%,"1,373",2.10%,"1,471",25,1.85%,37.7,90,31,0,42,15,4.67%,2,5.00%,447,86,33.18%,26,2,1.89%,900,-63,-6.54%,"1,174",199,14.49%,,,,,N/A,835,18,358,7,180,0,,,,,,,,,,,,,,,,,,,,,
,8-Apr,"Wednesday, April 8, 2020","66,783","1,518",3.29%,"1,423",2.13%,"1,473",50,3.64%,19.2,95,32,5,44,16,5.03%,2,4.76%,519,72,37.23%,29,3,2.04%,875,-25,-2.78%,"1,218",205,14.41%,,,,AHS modelling details.,April 8 Update,860,25,368,10,195,15,,,,,,,,,,,,,,,,,,,,,
,9-Apr,"Thursday, April 9, 2020","68,116","1,333",2.10%,"1,451",2.13%,"1,506",28,1.97%,35.6,95,32,0,47,14,5.68%,3,6.82%,592,73,41.72%,32,3,2.21%,827,-48,-5.49%,"1,259",192,13.23%,,,,151 cases in continuing care facilities.,April 9 Update,878,18,376,8,197,2,,,,,,,,,,,,,,,,,,,,,
,10-Apr,"Friday, April 10, 2020","70,080","2,123",2.31%,"1,500",2.14%,"1,495",49,3.38%,20.7,101,33,6,48,13,6.42%,1,2.13%,713,121,48.80%,39,7,2.60%,748,-79,-9.55%,"1,299",201,13.40%,,,,17 deaths from one care facility.,April 10 Update,917,39,386,10,197,0,,,,,,,,,,,,,,,,,,,,,
,11-Apr,"Saturday, April 11, 2020","72,779","2,699",2.56%,"1,569",2.16%,"1,533",69,4.60%,15.2,105,33,4,47,13,6.23%,-1,-2.08%,774,61,50.62%,40,1,2.55%,755,7,0.94%,"1,353",216,13.77%,,,,No press conference today.,N/A,976,59,388,2,205,8,,,,,,,,,,,,,,,,,,,,,
,12-Apr,"Sunday, April 12, 2020","74,709","1,930",4.25%,"1,651",2.21%,"1,612",82,5.23%,13.4,107,34,2,44,14,5.61%,-3,-6.38%,823,49,51.21%,44,4,2.67%,784,29,3.84%,"1,414",237,14.35%,,,,No press conference today.,N/A,"1,043",67,395,7,213,8,,,,,,,,,,,,,,,,,,,,,
,13-Apr,"Monday, April 13, 2020","77,007","2,298",3.52%,"1,732",2.25%,"1,701",81,4.91%,14.3,110,34,3,47,14,5.81%,3,6.82%,877,54,52.02%,46,2,2.66%,809,25,3.19%,"1,478",254,14.67%,,,,,April 13 Update,"1,114",71,399,4,219,6,,,,,,,,,,,,,,,,,,,,,
,14-Apr,"Tuesday, April 14, 2020","79,695","2,688",5.13%,"1,870",2.35%,"1,810",138,7.97%,8.8,115,35,5,44,14,4.85%,-3,-6.38%,914,37,50.16%,48,2,2.57%,908,99,12.24%,"1,594",276,14.76%,,,,,April 14 Update,"1,242",128,402,3,226,7,,,,,,,,,,,,,,,,,,,,,
,15-Apr,"Wednesday, April 15, 2020","82,534","2,839",4.44%,"1,996",2.42%,"1,976",126,6.74%,10.4,,,,44,10,4.26%,0,0.00%,914,0,46.92%,48,0,2.40%,"1,034",126,13.88%,,,,,,,Technical issues limiting data release.,April 15 Update,,,,,,,,,,,,,,,,,,,,,,,,,,,
,16-Apr,"Thursday, April 16, 2020","85,313","2,779",5.83%,"2,158",2.53%,"2,088",162,8.12%,8.6,,,,,,,,,914,0,43.36%,50,2,2.32%,"1,194",160,15.47%,,,,,,,Technical issues limiting data release.,April 16 Update,,,,,,,,,,,,,,,,,,,,,,,,,,,
,17-Apr,"Friday, April 17, 2020","89,144","3,831",6.24%,"2,397",2.69%,"2,308",239,11.08%,6.3,138,37,23,60,13,4.91%,16,36.36%,"1,124",210,47.89%,50,0,2.09%,"1,223",29,2.43%,"1,997",400,16.69%,,,,,April 17 Update,"1,673",,429,,295,,,,,,,,,,,,,,,,,,,,,,
,18-Apr,"Saturday, April 18, 2020","92,962","3,818",4.32%,"2,562",2.76%,"2,600",165,6.88%,10.2,135,38,-3,57,14,4.23%,-3,-5.00%,"1,162",38,46.28%,51,1,1.99%,"1,349",126,10.30%,"2,112",450,17.56%,,,,No press conference today.,N/A,"1,820",147,433,4,309,14,,,,,,,,,,,,,,,,,,,,,
,19-Apr,"Sunday, April 19, 2020","97,180","4,218",5.71%,"2,803",2.88%,"2,772",241,9.41%,7.4,141,39,6,65,16,4.19%,8,14.04%,"1,198",36,43.60%,55,4,1.96%,"1,550",201,14.90%,"2,315",488,17.41%,,,,No press conference today.,N/A,"1,997",177,429,-4,377,68,,,,,,,,,,,,,,,,,,,,,
,20-Apr,"Monday, April 20, 2020","100,898","3,718",2.82%,"2,908",2.88%,"3,052",105,3.75%,18.7,149,40,8,63,15,3.89%,-2,-3.08%,"1,230",32,43.17%,59,4,2.03%,"1,619",69,4.45%,"2,349",559,19.22%,,,,,April 20 Update,"2,077",80,438,9,393,16,,,,,,,,,,,,,,,,,,,,,
,21-Apr,"Tuesday, April 21, 2020","104,370","3,472",5.39%,"3,095",2.97%,"3,134",187,6.43%,10.9,156,44,7,64,18,3.63%,1,1.59%,"1,273",43,41.96%,61,2,1.97%,"1,761",142,8.77%,N/A,N/A,N/A,543,"2,076",281,Change in how infection tracing tracked.,April 21 Update,"2,204",127,446,8,445,52,,,,,,,,,,,,,,,,,,,,,
,22-Apr,"Wednesday, April 22, 2020","108,521","4,151",7.37%,"3,401",3.13%,"3,300",306,9.89%,7.1,159,44,3,70,18,3.46%,6,9.38%,"1,310",37,39.28%,66,5,1.94%,"2,025",264,14.99%,N/A,N/A,N/A,554,"2,202",305,,April 22 Update,"2,396",192,451,5,554,109,,,,,,,,,,,,,,,,,,,,,
,23-Apr,"Thursday, April 23, 2020","112,562","4,041",7.89%,"3,720",3.30%,"3,652",319,9.38%,7.5,169,46,10,72,18,3.14%,2,2.86%,"1,357",47,37.15%,67,1,1.80%,"2,296",271,13.38%,N/A,N/A,N/A,545,"2,334",305,,April 23 Update,"2,633",237,454,3,633,79,,,,,,,,,,,,,,,,,,,,,
,24-Apr,"Friday, April 24, 2020","116,859","4,297",6.91%,"4,017",3.44%,"3,994",297,7.98%,8.8,173,47,4,76,18,2.98%,4,5.56%,"1,397",40,35.41%,72,5,1.79%,"2,548",252,10.98%,N/A,N/A,N/A,545,"2,603",350,,April 24 Update,"2,833",200,466,12,718,85,,,,,,,,,,,,,,,,,,,,,
,25-Apr,"Saturday, April 25, 2020","121,244","4,385",4.93%,"4,233",3.49%,"4,355",216,5.38%,13,184,47,11,77,20,2.86%,1,1.32%,"1,471",74,35.36%,73,1,1.72%,"2,689",141,5.53%,N/A,N/A,N/A,547,"3,073",461,No press conference today.,N/A,"2,964",131,475,9,794,76,,,,,,,,,,,,,,,,,,,,,
,26-Apr,"Sunday, April 26, 2020","125,310","4,066",6.07%,"4,480",3.58%,"4,578",247,5.84%,12,193,49,9,83,20,2.90%,6,7.79%,"1,549",78,35.15%,73,0,1.63%,"2,858",169,6.28%,N/A,N/A,N/A,547,"3,091",473,No press conference today.,N/A,"3,104",140,479,4,897,103,,,,,,,,,,,,,,,,,,,,,
,27-Apr,"Monday, April 27, 2020","128,860","3,550",6.08%,"4,696",3.64%,"4,800",216,4.82%,14.5,195,50,2,87,20,2.94%,4,4.82%,"1,664",115,36.01%,75,2,1.60%,"2,957",99,3.46%,N/A,N/A,N/A,548,"3,213",489,4 cases in homeless population.,April 27 Update,"3,257",153,484,5,955,58,,,,,,,,,,,,,,,,,,,,,
,28-Apr,"Tuesday, April 28, 2020","131,772","2,912",5.29%,"4,850",3.68%,"4,978",154,3.28%,21.3,202,47,7,82,21,2.76%,-5,-5.75%,"1,800",136,37.74%,80,5,1.65%,"2,970",13,0.44%,N/A,N/A,N/A,548,"3,400",524,,April 28 Update,"3,366",109,486,2,998,43,,,,,,,,,,,,,,,,,,,,,
,29-Apr,"Wednesday, April 29, 2020","136,977","5,205",6.05%,"5,165",3.77%,"5,084",315,6.49%,10.8,209,49,7,86,22,2.75%,4,4.88%,"1,953",153,38.46%,87,7,1.68%,"3,125",155,5.22%,N/A,N/A,N/A,549,"3,625",580,"503 in continuing care, 821 Cargil, 276 JBS (Brooks)",April 29 Update,"3,520",154,489,3,"1,156",158,,,,,,,,,,,,,,,,,,,,,
,30-Apr,"Thursday, April 30, 2020","142,028","5,051",3.76%,"5,355",3.77%,"5,429",190,3.68%,19,214,49,5,90,22,2.90%,4,4.65%,"2,161",208,41.04%,89,2,1.66%,"3,105",-20,-0.64%,N/A,N/A,N/A,550,"3,796",627,Alberta Government plan to re-open province in stages.,April 30 Update,"3,590",70,490,1,"1,275",119,,,,,,,,,,,,,,,,,,,,,
,1-May,"Friday, May 1, 2020","145,420","3,392",6.43%,"5,573",3.83%,"5,600",218,4.07%,17.2,222,49,8,86,22,2.75%,-4,-4.44%,"2,359",198,43.04%,92,3,1.65%,"3,122",17,0.55%,N/A,N/A,N/A,557,"4,098",675,,May 1 Update,"3,708",118,498,8,"1,367",92,,,,,,,,,,,,,,,,,,,,,
,2-May,"Saturday, May 2, 2020","148,757","3,337",2.91%,"5,670",3.81%,"5,817",97,1.74%,40.2,229,49,7,88,19,2.89%,2,2.33%,"2,534",175,45.44%,94,2,1.66%,"3,042",-80,-2.56%,N/A,N/A,N/A,557,"4,104",694,No press conference today.,N/A,"3,775",67,501,3,"1,394",27,,,,,,,,,,,,,,,,,,,,,
,3-May,"Sunday, May 3, 2020","152,123","3,366",2.85%,"5,766",3.79%,"5,897",96,1.69%,41.3,231,51,2,90,19,3.04%,2,2.27%,"2,713",179,47.84%,95,1,1.65%,"2,958",-84,-2.76%,N/A,N/A,N/A,559,"4,259",720,No press conference today.,N/A,"3,842",67,504,3,"1,420",26,,,,,,,,,,,,,,,,,,,,,
,4-May,"Monday, May 4, 2020","155,179","3,056",2.29%,"5,836",3.76%,"5,927",70,1.21%,57.7,238,52,7,89,21,3.19%,-1,-1.11%,"2,942",229,51.33%,104,9,1.78%,"2,790",-168,-5.68%,N/A,N/A,N/A,557,"4,361",733,,May 4 Update,"3,905",63,503,-1,"1,428",8,,,,,,,,,,,,,,,,,,,,,
,5-May,"Tuesday, May 5, 2020","157,137","1,958",2.91%,"5,893",3.75%,"5,963",57,0.98%,71.7,243,52,5,87,20,3.39%,-2,-2.25%,"3,219",277,55.62%,106,2,1.80%,"2,568",-222,-7.96%,N/A,N/A,N/A,555,"4,446",728,,May 5 Update,"3,957",52,502,-1,"1,434",6,,,,,,,,,,,,,,,,,,,,,
,6-May,"Wednesday, May 6, 2020","160,631","3,494",2.00%,"5,963",3.71%,"5,976",70,1.19%,58.9,249,52,6,82,19,3.57%,-5,-5.75%,"3,552",333,60.71%,112,6,1.88%,"2,299",-269,-10.48%,N/A,N/A,N/A,555,"4,569",730,,May 6 Update,"4,003",46,503,1,"1,457",23,,,,,,,,,,,,,,,,,,,,,
,7-May,"Thursday, May 7, 2020","163,510","2,879",1.88%,"6,017",3.68%,"6,039",54,0.91%,77.3,255,52,6,85,18,4.06%,3,3.66%,"3,809",257,64.53%,114,2,1.89%,"2,094",-205,-8.92%,N/A,N/A,N/A,557,"4,647",704,,May 7 Update,"4,044",41,505,2,"1,468",11,,,,,,,,,,,,,,,,,,,,,
,8-May,"Friday, May 8, 2020","166,742","3,232",2.51%,"6,098",3.66%,"6,081",81,1.35%,52,257,52,2,80,17,4.08%,-5,-5.88%,"4,020",211,67.19%,115,1,1.89%,"1,963",-131,-6.26%,N/A,N/A,N/A,560,"4,741",692,,May 8 Update,"4,109",65,508,3,"1,481",13,54,,12,,1,,6,,7,,,,,,,,,,,,
,9-May,"Saturday, May 9, 2020","169,415","3,232",1.83%,"6,157",3.63%,"6,165",59,0.97%,72.3,260,52,3,74,15,4.03%,-6,-7.50%,"4,204",184,69.59%,116,1,1.88%,"1,837",-126,-6.42%,N/A,N/A,N/A,561,"4,819",687,No press conference today.,N/A,"4,161",52,509,1,"1,487",6,53,,10,,0,,5,,6,,,,,,,,,,,,
,10-May,"Sunday, May 10, 2020","173,023","3,232",2.97%,"6,253",3.61%,"6,225",96,1.56%,44.9,260,52,0,71,13,4.06%,-3,-4.05%,"4,389",185,71.53%,117,1,1.87%,"1,747",-90,-4.90%,N/A,N/A,N/A,560,"4,910",687,No press conference today.,N/A,"4,244",83,509,0,"1,500",13,52,,9,,0,,4,,6,,,,,,,,,,,,
,11-May,"Monday, May 11, 2020","175,887","2,864",1.64%,"6,300",3.58%,"6,328",47,0.75%,93.1,264,52,4,73,12,4.79%,2,2.82%,"4,659",270,75.35%,117,0,1.86%,"1,524",-223,-12.76%,N/A,N/A,N/A,562,"4,969",682,,May 11 Update,"4,278",34,511,2,"1,511",11,54,,9,,0,,5,,5,,,,,,,,,,,,
,12-May,"Tuesday, May 12, 2020","179,060","3,173",1.42%,"6,345",3.54%,"6,373",45,0.71%,98,269,53,5,73,12,5.36%,0,0.00%,"4,866",207,78.14%,118,1,1.86%,"1,361",-163,-10.70%,N/A,N/A,N/A,565,"5,054",654,,May 12 Update,"4,325",47,508,-3,"1,512",1,52,,9,,0,,7,,5,,,,,,,,,,,,
,13-May,"Wednesday, May 13, 2020","183,132","4,072",1.52%,"6,407",3.50%,"6,408",62,0.98%,71.6,270,53,1,70,11,5.78%,-3,-4.11%,"5,076",210,80.74%,120,2,1.87%,"1,211",-150,-11.02%,N/A,N/A,N/A,566,"5,141",638,Provincial update on re-opening of province!! -->,May 13 Update,"4,375",50,512,4,"1,520",8,50,,8,,0,,7,,5,,,,,,,,,,,,
AB Stage 1 (excl. Calgary/Brooks),14-May,"Thursday, May 14, 2020","185,545","4,816",1.04%,"6,457",3.48%,"6,471",50,0.78%,89.7,272,53,2,65,10,5.75%,-5,-7.14%,"5,205",129,82.15%,121,1,1.87%,"1,131",-80,-6.61%,N/A,N/A,N/A,568,"5,208",631,Stage 1 of re-opening excluding Calgary/Brooks.,May 14 Update,"4,414",39,516,4,"1,527",7,49,8,7,2,0,0,6,0,3,0,,,,,,,,,,,
,15-May,"Friday, May 15, 2020","189,225","4,505",1.29%,"6,515",3.44%,"6,509",58,0.90%,77.9,273,53,1,62,9,5.78%,-3,-4.62%,"5,317",112,83.21%,125,4,1.92%,"1,073",-58,-5.13%,N/A,N/A,N/A,568,"5,264",630,,May 15 Update,"4,464",50,517,1,"1,534",7,45,7,9,2,0,0,6,0,2,0,,,,,,,,,,,
,16-May,"Saturday, May 16, 2020","193,098","3,873",1.86%,"6,587",3.41%,"6,570",72,1.11%,63.3,275,53,2,60,8,5.54%,-2,-3.23%,"5,377",60,83.22%,126,1,1.91%,"1,084",11,1.03%,N/A,N/A,N/A,567,"5,330",630,No press conference today.,N/A,"4,519",55,518,1,"1,550",16,45,6,8,2,0,0,5,0,2,0,,,,,,,,,,,
,17-May,"Sunday, May 17, 2020","196,309","3,211",1.78%,"6,644",3.38%,"6,649",57,0.87%,80.9,276,53,1,57,9,5.36%,-3,-5.00%,"5,453",76,83.67%,127,1,1.91%,"1,064",-20,-1.85%,N/A,N/A,N/A,567,"5,377",634,No press conference today.,N/A,"4,568",49,518,0,"1,558",8,43,6,8,3,0,0,4,0,2,0,,,,,,,,,,,
,18-May,"Monday, May 18, 2020","199,237","2,928",1.33%,"6,683",3.35%,"6,708",39,0.59%,119.3,280,53,4,65,9,6.27%,8,14.04%,"5,519",66,84.20%,128,1,1.92%,"1,036",-28,-2.63%,N/A,N/A,N/A,567,"5,421",641,No press conference today.,N/A,"4,603",35,518,0,"1,562",4,50,6,9,3,0,0,4,0,2,0,,,,,,,,,,,
,19-May,"Tuesday, May 19, 2020","201,283","2,046",1.61%,"6,716",3.34%,"6,741",33,0.49%,141.8,282,53,2,61,8,6.06%,-4,-6.15%,"5,582",63,84.73%,128,0,1.91%,"1,006",-30,-2.90%,N/A,N/A,N/A,566,"5,454",641,,May 19 Update,"4,634",31,518,0,"1,564",2,45,6,9,2,0,0,5,0,2,0,,,,,,,,,,,
,20-May,"Wednesday, May 20, 2020","203,397","2,114",0.90%,"6,735",3.31%,"6,767",19,0.28%,247.4,283,52,1,58,7,5.98%,-3,-4.92%,"5,637",55,85.32%,128,0,1.90%,970,-36,-3.58%,N/A,N/A,N/A,568,"5,511",624,No press conference today.,N/A,"4,649",15,521,3,"1,565",1,45,5,5,2,0,0,4,0,2,0,,,,,,,,,,,
,21-May,"Thursday, May 21, 2020","206,778","3,381",0.98%,"6,768",3.27%,"6,773",33,0.49%,142.9,285,52,2,59,6,6.37%,1,1.72%,"5,710",73,86.05%,132,4,1.95%,926,-44,-4.54%,N/A,N/A,N/A,569,"5,542",616,,May 21 Update,"4,675",26,524,3,"1,569",4,45,5,7,1,1,0,4,0,2,0,,,,,,,,,,,
,22-May,"Friday, May 22, 2020","209,412","2,634",1.21%,"6,800",3.25%,"6,799",32,0.47%,148.1,288,52,3,54,6,6.24%,-5,-8.47%,"5,801",91,87.02%,134,2,1.97%,865,-61,-6.59%,N/A,N/A,N/A,571,"5,590",611,No press conference today.,N/A,"4,698",23,524,0,"1,578",9,45,5,5,1,0,0,2,0,2,0,,,,,,,,,,,
,23-May,"Saturday, May 23, 2020","212,724","3,312",0.54%,"6,818",3.21%,"6,830",18,0.26%,264.4,292,54,4,48,6,5.90%,-6,-11.11%,"5,869",68,87.82%,135,1,1.98%,814,-51,-5.90%,N/A,N/A,N/A,571,"5,610",621,No press conference today.,N/A,"4,710",12,523,-1,"1,585",7,40,5,5,1,0,0,1,0,2,0,,,,,,,,,,,
,24-May,"Sunday, May 24, 2020","216,168","3,444",1.22%,"6,860",3.17%,"6,844",42,0.62%,113.6,296,55,4,46,6,5.74%,-2,-4.17%,"5,924",55,88.09%,135,0,1.97%,801,-13,-1.60%,N/A,N/A,N/A,571,"5,631",624,No press conference today.,N/A,"4,747",37,523,0,"1,590",5,36,5,5,1,0,0,3,0,2,0,,,,,,,,,,,
Stage 1 for Calgary/Brooks,25-May,"Monday, May 25, 2020","219,178","3,010",0.63%,"6,879",3.14%,"6,892",19,0.28%,252.7,296,55,0,45,5,5.91%,-1,-2.17%,"5,979",55,88.70%,138,3,2.01%,762,-39,-4.87%,N/A,N/A,N/A,571,"5,659",629,Stage 1 begins for Calgary/Brooks.,May 25 Update,"4,764",17,524,1,"1,591",1,36,4,5,1,0,0,2,0,2,0,,,,,,,,,,,
,26-May,"Tuesday, May 26, 2020","221,173","1,995",1.10%,"6,901",3.12%,"6,904",22,0.32%,218.9,297,55,1,45,5,6.30%,0,0.00%,"6,048",69,89.44%,139,1,2.01%,714,-48,-6.30%,N/A,N/A,N/A,571,"5,671",632,No press conference today.,N/A,"4,785",21,524,0,"1,592",1,36,4,5,1,0,0,2,0,2,0,,,,,,,,,,,
,27-May,"Wednesday, May 27, 2020","223,771","2,598",0.96%,"6,926",3.10%,"6,926",25,0.36%,193.2,299,55,2,43,4,6.33%,-2,-4.44%,"6,106",58,89.99%,141,2,2.04%,679,-35,-4.90%,N/A,N/A,N/A,571,"5,682",645,,May 27 Update,"4,804",19,527,3,"1,595",3,35,3,4,1,0,0,2,0,2,0,,,,,,,,,,,
,28-May,"Thursday, May 28, 2020","226,690","2,919",0.96%,"6,954",3.07%,"6,953",28,0.40%,173.2,302,55,3,50,4,7.68%,7,16.28%,"6,160",54,90.44%,143,2,2.06%,651,-28,-4.12%,N/A,N/A,N/A,572,"5,701",654,No press conference today.,N/A,"4,830",26,528,1,"1,596",1,40,3,6,1,0,0,2,0,2,0,,,,,,,,,,,
,29-May,"Friday, May 29, 2020","229,675","2,985",0.84%,"6,979",3.04%,"6,978",25,0.36%,194.7,307,55,5,55,4,8.93%,5,10.00%,"6,220",60,90.99%,143,0,2.05%,616,-35,-5.38%,N/A,N/A,N/A,566,"5,725",654,,May 29 Update,"4,850",20,531,3,"1,598",2,41,3,8,1,0,0,3,0,3,0,,,,,,,,,,,
,30-May,"Saturday, May 30, 2020","232,702","3,027",0.43%,"6,992",3.00%,"7,004",13,0.19%,375.8,308,56,1,53,5,8.77%,-2,-3.64%,"6,245",25,91.18%,143,0,2.05%,604,-12,-1.95%,N/A,N/A,N/A,566,"5,743",661,No press conference today.,N/A,"4,860",10,544,13,"1,588",-10,37,4,9,1,0,0,4,0,3,0,,,,,,,,,,,
,31-May,"Sunday, May 31, 2020","235,415","2,713",0.66%,"7,010",2.98%,"7,015",18,0.26%,271.9,309,56,1,52,6,8.90%,-1,-1.89%,"6,283",38,91.50%,143,0,2.04%,584,-20,-3.31%,N/A,N/A,N/A,567,"5,759",658,No press conference today.,N/A,"4,874",14,546,2,"1,590",2,35,4,9,1,0,0,4,1,4,0,,,,,,,,,,,
,1-Jun,"Monday, June 1, 2020","238,124","2,709",1.26%,"7,044",2.96%,"7,031",34,0.49%,144.3,307,56,-2,53,6,13.25%,1,1.92%,"6,501",218,94.20%,143,0,2.03%,400,-184,-31.51%,N/A,N/A,N/A,567,"5,777",666,10 new cases from 2 social gatherings in Edmonton.,June 1 Update,"4,896",22,554,8,"1,594",4,36,4,9,1,0,0,4,1,4,0,,,,,,,,,,,
,2-Jun,"Tuesday, June 2, 2020","240,477","2,709",0.48%,"7,057",2.93%,"7,067",13,0.18%,379.3,309,56,2,51,6,13.53%,-2,-3.77%,"6,537",36,94.55%,143,0,2.03%,377,-23,-5.75%,N/A,N/A,N/A,570,"5,800",667,No press conference today.,N/A,"4,901",5,560,6,"1,596",2,36,4,9,1,0,0,4,1,3,0,,,,,,,,,,,
,3-Jun,"Wednesday, June 3, 2020","244,780","4,303",0.44%,"7,076",2.89%,"7,077",19,0.27%,260,311,56,2,48,6,13.95%,-3,-5.88%,"6,587",50,95.04%,145,2,2.05%,344,-33,-8.75%,N/A,N/A,N/A,570,"5,808",671,,June 3 Update,"4,909",8,563,3,"1,604",8,31,4,10,1,0,0,3,1,4,0,,,,,,,,,,,
,4-Jun,"Thursday, June 4, 2020","248,423","3,643",0.41%,"7,091",2.85%,"7,097",15,0.21%,330.2,314,58,3,48,6,14.37%,0,0.00%,"6,611",24,95.19%,146,1,2.06%,334,-10,-2.91%,N/A,N/A,N/A,572,"5,822",672,No press conference today.,N/A,"4,920",11,566,3,"1,605",1,32,4,9,1,0,0,3,1,4,0,,,,,,,,,,,
,5-Jun,"Friday, June 5, 2020","254,050","5,627",0.12%,"7,098",2.79%,"7,111",7,0.10%,709.1,314,58,0,44,6,13.41%,-4,-8.33%,"6,624",13,95.28%,146,0,2.06%,328,-6,-1.80%,N/A,N/A,N/A,567,"5,819",682,,June 5 Update,"4,921",1,574,8,"1,603",-2,30,4,8,1,0,0,2,1,4,0,,,,,,,,,,,
,6-Jun,"Saturday, June 6, 2020","259,031","4,981",0.80%,"7,138",2.76%,"7,112",40,0.56%,124.2,316,58,2,44,6,13.10%,0,0.00%,"6,656",32,95.19%,146,0,2.05%,336,8,2.44%,N/A,N/A,N/A,570,"5,844",694,No press conference today.,N/A,"4,936",15,594,20,"1,608",5,31,4,6,1,0,0,2,1,5,0,,,,,,,,,,,
,7-Jun,"Sunday, June 7, 2020","263,739","4,708",0.98%,"7,184",2.72%,"7,158",46,0.64%,108.6,,,,44,6,12.29%,0,0.00%,"6,677",21,94.91%,149,3,2.07%,358,22,6.55%,N/A,N/A,N/A,,,,No press conference.  No update.,N/A,,,,,,,,,,,,,,,,,,,,,,,,,,,
,8-Jun,"Monday, June 8, 2020","268,663","4,924",0.37%,"7,202",2.68%,"7,179",18,0.25%,279.4,318,68,2,44,6,12.39%,0,0.00%,"6,698",21,94.97%,149,0,2.07%,355,-3,-0.84%,N/A,N/A,N/A,572,"6,023",561,"Asymptomatic testing: 14,853 tests, 6 positives found.",June 8 Update,"4,955",19,598,4,"1,649",,31,4,6,1,0,0,2,1,5,0,,,,,,,,,,,
,9-Jun,"Tuesday, June 9, 2020","272,967","4,304",0.63%,"7,229",2.65%,"7,230",27,0.37%,186.7,319,68,1,46,6,12.92%,2,4.55%,"6,722",24,94.97%,151,2,2.09%,356,1,0.28%,N/A,N/A,N/A,572,"6,056",577,No press conference today.,N/A,"4,993",38,623,25,"1,613",-36,35,5,5,1,0,0,1,0,5,0,,,,,,,,,,,
,10-Jun,"Wednesday, June 10, 2020","278,556","5,589",0.84%,"7,276",2.61%,"7,262",47,0.65%,107.7,322,68,3,42,6,11.32%,-4,-8.70%,"6,754",32,94.79%,151,0,2.08%,371,15,4.21%,N/A,N/A,N/A,574,"6,083",585,,June 10 Update,"5,016",23,645,22,"1,615",2,30,4,6,2,0,0,1,0,5,0,,,,,,,,,,,
,11-Jun,"Thursday, June 11, 2020","284,788","6,232",0.64%,"7,316",2.57%,"7,311",40,0.55%,127.3,323,68,1,45,6,11.87%,3,7.14%,"6,788",34,94.71%,149,-2,2.04%,379,8,2.16%,N/A,N/A,N/A,573,"6,113",604,No press conference today.,N/A,"5,038",22,662,17,"1,616",1,33,4,7,2,0,0,1,0,4,0,,,,,,,,,,,
Stage 2 Begins in Alberta,12-Jun,"Friday, June 12, 2020","291,329","6,541",0.46%,"7,346",2.52%,"7,349",30,0.41%,170.7,327,69,4,53,6,13.73%,8,17.78%,"6,811",23,94.64%,149,0,2.03%,386,7,1.85%,N/A,N/A,N/A,578,"6,139",603,,June 12 Update,"5,049",11,677,15,"1,620",4,38,4,9,2,1,0,1,0,4,0,,,,,,,,,,,
,13-Jun,"Saturday, June 13, 2020","297,108","5,779",0.64%,"7,383",2.48%,"7,382",37,0.50%,139,329,69,2,44,6,10.92%,-9,-16.98%,"6,830",19,94.43%,150,1,2.03%,403,17,4.40%,N/A,N/A,N/A,580,"6,160",608,No press conference today.,N/A,"5,069",20,688,11,"1,626",6,31,4,10,2,0,0,0,0,3,0,,,,,,,,,,,
,14-Jun,"Sunday, June 14, 2020","303,912","6,804",0.73%,"7,433",2.45%,"7,422",50,0.68%,103.4,330,69,1,46,7,10.90%,2,4.55%,"6,861",31,94.21%,150,0,2.02%,422,19,4.71%,N/A,N/A,N/A,581,"6,181",614,No press conference today.,N/A,"5,085",16,708,20,"1,640",14,32,4,10,3,0,0,1,0,3,0,,,,,,,,,,,
,15-Jun,"Monday, June 15, 2020","306,887","2,975",0.67%,"7,453",2.43%,"7,473",20,0.27%,260.2,331,70,1,31,7,7.05%,-15,-32.61%,"6,862",1,93.97%,151,1,2.03%,440,18,4.27%,N/A,N/A,N/A,586,"6,204",620,,June 15 Update,"5,097",12,714,6,"1,642",2,20,4,8,2,0,0,0,0,3,1,,,,,,,,,,,
,16-Jun,"Tuesday, June 16, 2020","312,351","5,464",0.64%,"7,488",2.40%,"7,488",35,0.47%,149.1,,,,36,7,7.91%,5,16.13%,"6,882",20,93.80%,151,0,2.02%,455,15,3.41%,N/A,N/A,N/A,591,"6,230",633,No press conference today.,N/A,"5,105",8,732,18,"1,651",9,22,4,10,2,0,0,1,0,3,1,,,,,,,,,,,
,17-Jun,"Wednesday, June 17, 2020","318,276","5,925",0.81%,"7,536",2.37%,"7,524",48,0.64%,109.2,337,71,6,38,7,7.72%,2,5.56%,"6,893",11,93.34%,151,0,2.00%,492,37,8.13%,N/A,N/A,N/A,599,"6,254",646,,June 17 Update,"5,126",21,747,15,"1,663",12,22,4,12,2,0,0,1,0,3,1,,,,,,,,,,,
,18-Jun,"Thursday, June 18, 2020","324,964","6,688",0.73%,"7,579",2.33%,"7,575",49,0.65%,107.7,338,71,1,34,6,6.95%,-4,-10.53%,"6,938",45,93.42%,152,1,2.01%,489,-3,-0.61%,N/A,N/A,N/A,600,"6,279",669,No press conference today.,N/A,"5,143",17,770,23,"1,666",3,18,3,12,2,0,0,1,0,3,1,,,,,,,,,,,
,19-Jun,"Friday, June 19, 2020","332,766","7,802",0.59%,"7,625",2.29%,"7,617",46,0.61%,115.3,340,72,2,39,6,7.62%,5,14.71%,"6,961",23,93.15%,152,0,1.99%,512,23,4.70%,N/A,N/A,N/A,603,"6,290",685,,June 19 Update,"5,162",19,794,24,"1,669",3,21,3,12,2,0,0,1,0,3,1,,,,,,,,,,,
,20-Jun,"Saturday, June 20, 2020","339,165","6,399",0.75%,"7,673",2.26%,"7,670",48,0.63%,111.2,341,72,1,39,6,7.43%,0,0.00%,"6,996",35,93.02%,152,0,1.98%,525,13,2.54%,N/A,N/A,N/A,605,"6,304",706,No press conference today.,N/A,"5,180",18,823,29,"1,670",1,23,2,11,2,0,0,2,0,3,1,,,,,,,,,,,
,21-Jun,"Sunday, June 21, 2020","345,952","6,787",0.46%,"7,704",2.23%,"7,721",31,0.40%,173.3,343,73,2,33,7,6.18%,-6,-15.38%,"7,018",22,92.93%,152,0,1.97%,534,9,1.71%,N/A,N/A,N/A,607,"6,320",731,No press conference today.,N/A,"5,186",6,846,23,"1,672",2,20,3,9,3,0,0,1,0,3,1,,,,,,,,,,,
,22-Jun,"Monday, June 22, 2020","351,622","5,670",0.56%,"7,736",2.20%,"7,748",32,0.42%,168.5,345,73,2,32,6,5.90%,-1,-3.03%,"7,041",23,92.85%,153,1,1.98%,542,8,1.50%,N/A,N/A,N/A,607,"6,350",728,No press conference today.,N/A,"5,208",22,857,11,"1,671",-1,20,3,9,2,0,0,1,0,2,1,,,,,,,,,,,
,23-Jun,"Tuesday, June 23, 2020","357,139","5,517",0.82%,"7,781",2.18%,"7,776",45,0.58%,120.3,346,73,1,37,6,6.95%,5,15.63%,"7,096",55,93.03%,153,0,1.97%,532,-10,-1.85%,N/A,N/A,N/A,611,"6,390",736,,June 23 Update,"5,218",10,885,28,"1,678",7,21,3,12,2,0,0,2,0,2,1,,,,,,,,,,,
,24-Jun,"Wednesday, June 24, 2020","362,699","5,560",0.79%,"7,825",2.16%,"7,820",44,0.57%,123.8,354,73,8,36,7,6.69%,-1,-2.70%,"7,134",38,92.99%,153,0,1.96%,538,6,1.13%,N/A,N/A,N/A,613,"6,431",733,No press conference today.,N/A,"5,229",11,914,29,"1,682",4,20,4,13,2,0,0,0,0,3,1,,,,,,,,,,,
,25-Jun,"Thursday, June 25, 2020","367,935","5,236",0.50%,"7,851",2.13%,"7,863",26,0.33%,210.7,356,73,2,38,8,7.51%,2,5.56%,"7,191",57,93.43%,154,1,1.96%,506,-32,-5.95%,N/A,N/A,N/A,614,"6,464",743,,June 25 Update,"5,238",9,925,11,"1,688",6,18,5,16,2,0,0,1,0,3,1,,,,,,,,,,,
,26-Jun,"Friday, June 26, 2020","373,437","5,502",0.67%,"7,888",2.11%,"7,888",37,0.47%,148.5,359,74,3,37,8,7.27%,-1,-2.63%,"7,225",34,93.42%,154,0,1.95%,509,3,0.59%,N/A,N/A,N/A,614,"6,496",749,No press conference today.,N/A,"5,253",15,944,19,"1,691",3,18,5,13,2,0,0,0,0,6,1,,,,,,,,,,,
,27-Jun,"Saturday, June 27, 2020","378,629","5,192",1.33%,"7,957",2.10%,"7,926",69,0.87%,80,364,74,5,42,8,8.08%,5,13.51%,"7,283",58,93.34%,154,0,1.94%,520,11,2.16%,N/A,N/A,N/A,617,"6,531",749,No press conference today.,N/A,"5,290",37,958,14,"1,709",18,22,5,14,2,0,0,1,0,5,1,,,,,,,,,,,
,28-Jun,"Sunday, June 28, 2020","384,020","5,391",0.72%,"7,996",2.08%,"8,002",39,0.49%,142.8,370,77,6,43,8,8.27%,1,2.38%,"7,322",39,93.37%,154,0,1.93%,520,0,0.00%,N/A,N/A,N/A,617,"6,564",767,No press conference today.,N/A,"5,299",9,984,26,"1,713",4,21,5,16,2,0,0,0,0,6,1,,,,,,,,,,,
,29-Jun,"Monday, June 29, 2020","389,687","5,667",1.25%,"8,067",2.07%,"8,039",71,0.89%,78.8,371,77,1,41,9,7.33%,-2,-4.65%,"7,354",32,92.94%,154,0,1.91%,559,39,7.50%,N/A,N/A,N/A,617,"6,603",773,No press conference today.,N/A,"5,332",33,1017,33,"1,718",5,18,5,18,3,0,0,0,0,5,1,,,,,,,,,,,
,30-Jun,"Tuesday, June 30, 2020","395,713","6,026",0.68%,"8,108",2.05%,"8,122",41,0.51%,137.7,372,77,1,41,9,7.50%,0,0.00%,"7,407",53,93.12%,154,0,1.90%,547,-12,-2.15%,N/A,N/A,N/A,627,"6,642",789,,June 30 Update,"5,352",20,1028,11,"1,728",10,18,5,18,3,0,0,0,0,5,1,,,,,,,,,,,
,1-Jul,"Wednesday, July 1, 2020","401,217","5,504",0.55%,"8,138",2.03%,"8,164",30,0.37%,189.2,,,,,,,,,"7,407",,,154,,,547,,,,,,,,,No press conference or update today.,N/A,,,,,,,,,,,,,,,,,,,,,,,,,,,
,2-Jul,"Thursday, July 2, 2020","407,363","6,209",1.03%,"8,202",2.01%,"8,220",64,0.79%,89,374,77,2,44,8,8.12%,3,7.32%,"7,505",98,93.26%,155,1,1.89%,542,-5,-0.91%,N/A,N/A,N/A,637,"6,705",797,,July 2 Update,"5,380",28,1068,40,"1,754",26,23,4,17,3,0,0,0,0,4,1,,,,,,,,,,,
,3-Jul,"Friday, July 3, 2020","412,841","5,478",1.04%,"8,259",2.00%,"8,254",57,0.69%,100.7,375,77,1,42,9,7.34%,-2,-4.55%,"7,532",27,92.94%,155,0,1.88%,572,30,5.54%,N/A,N/A,N/A,638,"6,749",810,No press conference today.,N/A,"5,384",4,1088,20,"1,787",33,20,4,19,4,0,0,0,0,3,1,,,,,,,,,,,
,4-Jul,"Saturday, July 4, 2020",,,,"8,288",,"8,308",29,0.35%,199.4,,,,,,,,,"7,532",,,155,,,572,,,,,,,,,No press conference or update today.,N/A,,,,,,,,,,,,,,,,,,,,,,,,,,,
,5-Jul,"Sunday, July 5, 2020",,,,"8,340",,"8,357",52,0.63%,111.6,,,,,,,,,"7,532",,,155,,,572,,,,,,,,,No press conference or update today.,N/A,,,,,,,,,,,,,,,,,,,,,,,,,,,
,6-Jul,"Monday, July 6, 2020","426,313",,,"8,389",1.97%,"8,406",49,0.59%,119.1,392,78,17,57,6,9.39%,15,35.71%,"7,627",95,92.63%,155,0,1.85%,607,35,6.12%,N/A,N/A,N/A,645,"6,841",835,No press conference today.,N/A,"5,440",56,1128,40,"1,821",34,20,3,30,3,0,0,3,0,4,0,,,,,,,,,,,
,7-Jul,"Tuesday, July 7, 2020","431,102","4,789",0.98%,"8,436",1.96%,"8,436",47,0.56%,124.9,393,78,1,54,6,8.71%,-3,-5.26%,"7,659",32,92.51%,157,2,1.86%,620,13,2.14%,N/A,N/A,N/A,648,"6,875",850,No press conference today.,N/A,"5,452",12,1157,29,"1,827",6,19,3,30,3,0,0,3,0,2,0,,,,,,,,,,,
,8-Jul,"Wednesday, July 8, 2020","435,847","4,745",0.97%,"8,482",1.95%,"8,481",46,0.55%,128.4,396,78,3,55,7,9.05%,1,1.85%,"7,716",57,92.70%,158,1,1.86%,608,-12,-1.94%,N/A,N/A,N/A,651,"6,895",859,No press conference today.,N/A,"5,465",13,1175,18,"1,842",15,20,3,29,4,1,0,3,0,2,0,,,,,,,,,,,
,9-Jul,"Thursday, July 9, 2020","441,197","5,350",0.69%,"8,519",1.93%,"8,531",37,0.44%,160.5,405,78,9,46,7,7.88%,-9,-16.36%,"7,774",58,93.01%,161,3,1.89%,584,-24,-3.95%,N/A,N/A,N/A,651,"6,914",873,No press conference today.,N/A,"5,485",20,1179,4,"1,855",13,13,3,27,4,2,0,2,0,2,0,,,,,,,,,,,
,10-Jul,"Friday, July 10, 2020","447,181","5,984",1.29%,"8,596",1.92%,"8,564",77,0.90%,77.4,407,79,2,50,9,8.45%,4,8.70%,"7,844",70,92.98%,160,-1,1.86%,592,8,1.37%,N/A,N/A,N/A,652,"6,939",884,No press conference today.,N/A,"5,515",30,1202,23,"1,879",24,15,3,30,6,2,0,2,0,1,0,,,,,,,,,,,
,,,,,,,,,,,,,,,,,,,,,,,,,,,,,,,,,,,,,,,,,,,,,,,,,,,,,,,,,,,,,,,
,Note: Forecast is based on previous 4 day growth average and is adjusted daily. ,,,,,,,Most recent 4 days average growth rate:,,,,0.61%,Doubling rate:,,114.5,,,,,,,,,,,,,,,,,,,,,,,,,,,,,,,,,,,,,,,,,,,,,,,,
,Forecast,"Saturday, July 11, 2020",,,,,,"8,649",,,,,,,,,,,,,,,,,,,,,,,,,,,,,,,,,,,,,,,,,,,,,,,,,,,,,,,
,,"Sunday, July 12, 2020",,,,,,"8,701",,,,,,,,,,,,,,,,,,,,,,,,,,,,,,,,,,,,,,,,,,,,,,,,,,,,,,,
,,"Monday, July 13, 2020",,,,,,"8,755",,,,,,,,,,,,,,,,,,,,,,,,,,,,,,,,,,,,,,,,,,,,,,,,,,,,,,,
,,"Tuesday, July 14, 2020",,,,,,"8,808",,,,,,,,,,,,,,,,,,,,,,,,,,,,,,,,,,,,,,,,,,,,,,,,,,,,,,,
,,"Wednesday, July 15, 2020",,,,,,"8,862",,,,,,,,,,,,,,,,,,,,,,,,,,,,,,,,,,,,,,,,,,,,,,,,,,,,,,,
,,"Thursday, July 16, 2020",,,,,,"8,916",,,,,,,,,,,,,,,,,,,,,,,,,,,,,,,,,,,,,,,,,,,,,,,,,,,,,,,
,,"Friday, July 17, 2020",,,,,,"8,971",,,,,,,,,,,,,,,,,,,,,,,,,,,,,,,,,,,,,,,,,,,,,,,,,,,,,,,
,,"Saturday, July 18, 2020",,,,,,"9,026",,,,,,,,,,,,,,,,,,,,,,,,,,,,,,,,,,,,,,,,,,,,,,,,,,,,,,,
,,"Sunday, July 19, 2020",,,,,,"9,081",,,,,,,,,,,,,,,,,,,,,,,,,,,,,,,,,,,,,,,,,,,,,,,,,,,,,,,
,,"Monday, July 20, 2020",,,,,,"9,136",,,,,,,,,,,,,,,,,,,,,,,,,,,,,,,,,,,,,,,,,,,,,,,,,,,,,,,
,,"Tuesday, July 21, 2020",,,,,,"9,192",,,,,,,,,,,,,,,,,,,,,,,,,,,,,,,,,,,,,,,,,,,,,,,,,,,,,,,
,,"Wednesday, July 22, 2020",,,,,,"9,248",,,,,,,,,,,,,,,,,,,,,,,,,,,,,,,,,,,,,,,,,,,,,,,,,,,,,,,
,,"Thursday, July 23, 2020",,,,,,"9,305",,,,,,,,,,,,,,,,,,,,,,,,,,,,,,,,,,,,,,,,,,,,,,,,,,,,,,,
,,"Friday, July 24, 2020",,,,,,"9,362",,,,,,,,,,,,,,,,,,,,,,,,,,,,,,,,,,,,,,,,,,,,,,Date,News,,,Link,,,,,
,,"Saturday, July 25, 2020",,,,,,"9,419",,,AHS Updated Modelling (April 28) - Peak Scenarios,,,,,,,,,,,,,,,,,,,,,,,,,,,,,,,,,,,,,,,,,,,,,,,,,,,,
,,"Sunday, July 26, 2020",,,,,,"9,477",,,"Low: 298 hospitalized, 95 ICU.",,,,,,,,,,,,,,,,,,,,,,,,,,,,,,,,,,,,,,,,,,,"Sunday, March 15, 2020",500 million committed to COVID response (AHS),,,https://www.alberta.ca/release.cfm?xID=69817C344E701-9C80-6249-C7C1432123530CE6,,,,,
,,"Monday, July 27, 2020",,,,,,"9,535",,,"Probable: 598 hospitalized, 190 ICU.",,,,,,,,,,,,,,,,,,,,,,,,,,,,,,,,,,,,,,,,,,,"Sunday, March 15, 2020",CDC issues guidance against gatherings over 50,,,https://techcrunch.com/2020/03/15/cdc-issues-new-guidance-against-gatherings-of-50-or-more-people-for-the-next-8-weeks/,,,,,
,,"Tuesday, July 28, 2020",,,,,,"9,593",,,,,,,,,,,,,,,,Update (March 18):,,https://edmonton.ctvnews.ca/how-many-ventilators-and-icu-beds-does-alberta-have-1.4859181,,,,,,,,,,,,,,,,,,,,,,,,,,,,"Tuesday, March 17, 2020",Calgary Herald March 17 Update Info,,,https://calgaryherald.com/news/live-at-330-p-m-province-to-update-covid-19-response-2/wcm/7e1d197f-c323-4783-ae8c-1c1a9bed8517/,,,,,
,,"Wednesday, July 29, 2020",,,,,,"9,651",,,April 28 Updated Modelling:,,,https://www.alberta.ca/release.cfm?xID=701959A892092-D9E7-E7AA-585AF9B3CA8BCEAA,,,,,,,,,,"""Soon to have 527-597 adult ventilators and 78 pediatric ventilators to fight COVID-19, and other critical care needs.""",,,,,,,,,,,,,,,,,,,,,,,,,,,,,,"Tuesday, March 17, 2020",Alberta State of Emergency Declared,,,https://edmonton.ctvnews.ca/the-situation-is-very-serious-covid-19-pandemic-prompts-alberta-to-declare-a-state-of-public-health-emergency-1.4856794,,,,,
,,"Thursday, July 30, 2020",,,,,,"9,710",,,,,,,,,,,,,,,,,,,,,,,,,,,,,,,,,,,,,,,,,,,,,,"Wednesday, March 18, 2020",CTV News Covid March 18 Update,,,https://edmonton.ctvnews.ca/22-new-covid-19-cases-in-alberta-hinshaw-says-community-spread-is-concerning-1.4858223,,,,,
,,"Friday, July 31, 2020",,,,,,"9,770",,,Initial Projections:,,,https://www.alberta.ca/assets/documents/covid-19-case-modelling-projection.pdf,,,,,,,,,,,,,,,,,,,,,,,,,,,,,,,,,,,,,,,,"Friday, March 20, 2020",Global News Covid Update March 20 Summary,,,https://globalnews.ca/news/6708622/alberta-premier-coronavirus-covid-19-update-march-20/,,,,,
,,"Saturday, August 1, 2020",,,,,,"9,830",,,,,,,,,,,,,,,,,,,,,,,,,,,,,,,,,,,,,,,,,,,,,,"Friday, March 20, 2020",Alberta March 20 Update Youtube Replay,,,https://www.youtube.com/watch?v=MRV1mnzwRxk,,,,,
,,"Sunday, August 2, 2020",,,,,,"9,890",,,,,,,,,,,,,,AHS Planning for 2250 beds for Covid care (if needed).,,,,,,,,,,,,,,,,,,,,,,,,,,,,,,,,"Saturday, March 21, 2020",Morinville News Alberta Covid March 21 Summary,,,https://morinvillenews.com/2020/03/21/alberta-now-has-226-cases-of-covid-19-four-in-sturgeon-county-west/,,,,,
,,"Monday, August 3, 2020",,,,,,"9,950",,,,,,,,,,,,,,Source:,,,,March 26 Update,,,,,,,,,,,,,,,,,,,,,,,,,,,,"Sunday, March 22, 2020",CBC Covid Update for March 22,,,https://www.cbc.ca/news/canada/calgary/what-you-need-to-know-covid-19-march-22-1.5506085,,,,,
,,"Tuesday, August 4, 2020",,,,,,"10,011",,,,,,,,,,,,,,,,,,,,,,,,,,,,,,,,,,,,,,,,,,,,,,"Monday, March 23, 2020",High risk cases focus of Alberta's new COVID-19 testing policy,,,https://calgary.ctvnews.ca/high-risk-cases-not-travellers-focus-of-alberta-s-new-covid-19-testing-policy-1.4864148,,,,,
,,"Wednesday, August 5, 2020",,,,,,"10,072",,,,,,,,,,,,,,,,,,,,,,,,,,,,,,,,,,,,,,,,,,,,,,"Monday, March 23, 2020",Calgary Herald: City and school playgrounds closed + more,,,https://calgaryherald.com/news/covid-19-live-updates-canada-australia-wont-go-to-olympics-stocks-tumble-again/,,,,,
,,"Thursday, August 6, 2020",,,,,,"10,134",,,,,,,,,,,,,,,,,,,,,,,,,,,,,,,,,,,,,,,,,,,,,,"Tuesday, March 24, 2020",Global News Covid Update March 24 Summary,,,https://globalnews.ca/news/6725872/coronavirus-alberta-health-death-testing-hinshaw-tuesday/,,,,,
,,"Friday, August 7, 2020",,,,,,"10,196",,,,,,,,,,,,,,,,,,,,,,,,,,,,,,,,,,,,,,,,,,,,,,"Friday, March 27, 2020",CBC News March 27 Update - Non-essential Businesses Closed,,,https://www.cbc.ca/news/canada/calgary/what-you-need-to-know-covid-alberta-march-27-1.5512219,,,,,
,,"Saturday, August 8, 2020",,,,,,"10,258",,,,,,,,,,,,,,,,,,,,,,,,,,,,,,,,,,,,,,,,,,,,,,"Saturday, March 28, 2020",CBC News March 28 Update,,,https://www.cbc.ca/news/canada/calgary/what-you-need-to-know-covid-alberta-march-28-1.5513652,,,,,
,,"Sunday, August 9, 2020",,,,,,"10,321",,,,,,,,,,,,,,,,,,,,,,,,,,,,,,,,,,,,,,,,,,,,,,"Saturday, March 28, 2020",Global News March 28 Update,,,https://globalnews.ca/news/6747078/alberta-covid-19-coronavirus-cases-march-28/,,,,,
,,"Monday, August 10, 2020",,,,,,"10,384",,,,,,,,,,,,,,,,,,,,,,,,,,,,,,,,,,,,,,,,,,,,,,"Sunday, March 29, 2020",CBC News March 29 Update,,,https://www.cbc.ca/news/canada/calgary/what-you-need-to-know-covid-alberta-march-29-1.5514036,,,,,
,,"Tuesday, August 11, 2020",,,,,,"10,447",,,,,,,,,,,,,,,,,,,,,,,,,,,,,,,,,,,,,,,,,,,,,,"Saturday, April 4, 2020",GLobal News April 4 Update,,,https://globalnews.ca/news/6779797/alberta-covid-cases-saturday-april-4/,,,,,
,,"Wednesday, August 12, 2020",,,,,,"10,511",,,,,,,,,,,,,,,,,,,,,,,,,,,,,,,,,,,,,,,,,,,,,,"Sunday, April 5, 2020",CBC News April 5 Update,,,https://www.cbc.ca/news/canada/calgary/what-you-need-to-know-covid-alberta-april-5-1.5522553,,,,,
,,"Thursday, August 13, 2020",,,,,,"10,576",,,,,,,,,,,,,,,,,,,,,,,,,,,,,,,,,,,,,,,,,,,,,,"Thursday, April 9, 2020",CTV News Covid April 9 Update,,,https://edmonton.ctvnews.ca/alberta-reports-3-more-deaths-28-new-cases-of-covid-19-1.4890283,,,,,
,,"Friday, August 14, 2020",,,,,,"10,640",,,,,,,,,,,,,,,,,,,,,,,,,,,,,,,,,,,,,,,,,,,,,,,,,,,,,,,
,,"Saturday, August 15, 2020",,,,,,"10,705",,,,,,,,,,,,,,,,,,,,,,,,,,,,,,,,,,,,,,,,,,,,,,,,,,,,,,,
,,"Sunday, August 16, 2020",,,,,,"10,771",,,,,,,,,,,,,,,,,,,,,,,,,,,,,,,,,,,,,,,,,,,,,,,,,,,,,,,
,,,,,,,,,,,,,,,,,,,,,,,,,,,,,,,,,,,,,,,,,,,,,,,,,,,,,,,,,,,,,,,
,,,,,,,,,,,,,,,,,,,,,,,,,,,,,,,,,,,,,,,,,,,,,,,,,,,,,,,,,,,,,,,
,,,,,,,,,,,,,,,,,,,,,,,,,,,,,,,,,,,,,,,,,,,,,,,,,,,,,,,,,,,,,,,
,,Our forecasting chart has moved to:,,,,https://www.covidalberta.ca/,,,,,,,,,,,,,,,,,,,,,,,,,,,,,,,,,,,,,,,,,,,,,,,,,,,,,,,,,
